{
  "name": "wq-icon",
  "css_prefix_text": "wq-icon-",
  "css_use_suffix": false,
  "hinting": true,
  "units_per_em": 1000,
  "ascent": 850,
  "glyphs": [
    {
      "uid": "f9c3205df26e7778abac86183aefdc99",
      "css": "undo",
      "code": 59392,
      "src": "fontawesome"
    },
    {
      "uid": "8e04c98c8f5ca0a035776e3001ad2638",
      "css": "facebook",
      "code": 61594,
      "src": "fontawesome"
    },
    {
      "uid": "cda0cdcfd38f5f1d9255e722dad42012",
      "css": "spinner",
      "code": 61712,
      "src": "fontawesome"
    }
  ]
}